{
    "pre_eval": -18.34999999999999,
    "post_eval": -18.34999999999999,
    "training_rewards": [
        0.15,
        -0.04,
        -0.06,
        -0.1,
        -0.18,
        -0.34,
        -0.52,
        -0.52,
        -0.52,
        -0.52,
        -0.05,
        -0.04,
        -0.06,
        -0.1,
        -0.18,
        -0.34,
        -0.52,
        -0.52,
        -0.52,
        -0.52,
        0.15,
        -0.04,
        -0.06,
        -0.1,
        -0.18,
        -0.34,
        -0.52,
        -0.52,
        -0.52,
        -0.52,
        -0.05,
        -0.04,
        -0.06,
        -0.1,
        -0.18,
        -0.34,
        -0.52,
        -0.52,
        -0.52,
        -0.52
    ]
}